id	neuroticism	extraversion	openness_to_experience	agreeableness	conscientiousness	success_classification_high_low
1	36.10154606121549	49.24759736027255	50.6700662126043	49.00546208428724	23.107868722781813	0
2	65.48642962690573	49.31001524880563	31.276628744243084	46.800029908078116	62.416891317734645	0
3	54.33169103238166	44.324508887812684	65.6981293138229	62.95905853504044	47.27321513125648	1
4	47.531582694048865	21.604778272774823	54.632742751484194	19.31776539741435	51.63421827636897	0
5	24.95695066256426	59.60042727505114	45.272056678081434	31.32912266920375	57.24773316897425	1
6	24.955720537146334	33.35978331355852	48.197758057951965	65.47098568790449	42.42055214538192	1
7	19.962264220578174	26.512444030392565	38.399603183817284	62.40345297843673	21.43293469245861	0
8	61.17498343452169	19.07953221929296	29.63428046455903	40.23849439207136	44.392433632745934	0
9	47.65686559890365	47.13554010260033	35.15460661121434	48.62676248787837	46.928897019064834	1
10	53.11170146759832	51.555782453956404	55.650151633682825	31.146440332037766	55.017413183400826	1
11	18.049809209085925	17.845979275320662	17.73406792011755	26.594179145911827	39.014636857713654	0
12	66.46540246026171	43.116745973263335	22.919704665852727	40.64861865193909	23.50659544257375	0
13	59.45457468082151	28.551284535094837	19.34613474310939	35.02096362932869	31.47257119573495	0
14	27.829294644592082	49.903812310881946	19.07716891826748	46.76646170439447	35.517197116330394	0
15	26.27307332756213	25.892687879254563	60.62848978456137	20.964466485214228	49.94177930791166	0
16	26.353630002525122	52.237824643225764	52.88655082838121	66.69413519097449	46.109693538114506	0
17	32.51635439093643	36.72350266132741	41.18286528345358	67.29674796845975	35.160933020790154	0
18	43.76257801324413	64.77322942557346	21.989542193201075	52.606247415007005	67.31227768844197	1
19	39.029195950747905	24.013568151445654	42.07240963095845	44.34091468355014	47.89451578720124	0
20	31.852686150100137	34.39438390356318	41.14706030980885	32.78590843060272	29.09856637853572	0
21	48.20449763084135	22.787149583270043	25.833295365410777	58.50354600505438	22.190906103640593	0
22	24.114186893254136	64.1593745322067	39.126434111136625	51.92128980024784	24.795816098400934	0
23	31.899377075296126	61.74430702243003	37.32374145426604	25.29346390658946	29.543844147609917	0
24	35.684454007978275	30.155023013472935	48.408355000663036	63.45728640918597	25.194750036237338	0
25	40.259569195068835	50.65918634774313	49.38977619424983	58.94939938908162	26.514918226616594	0
26	57.043974031043696	58.678332210262006	19.31050449837427	65.43979557788813	31.539853603386202	0
27	27.183362890076346	45.31524139157258	36.10524334595003	54.01169492780636	25.842053360032494	0
28	43.22595635909419	44.012179496156335	48.918855701426054	48.28417499272528	62.73503665594768	1
29	47.21314301196416	29.33446683592304	42.65994918758447	38.33039485082156	21.09192102874375	0
30	19.368971048719885	21.74824115810086	60.680981900604436	64.56915265105468	43.75008086808299	0
31	47.98478744697336	62.75800365561967	50.593375212566194	61.16925836452083	37.93023817647274	1
32	25.69673030805187	62.92132091532985	25.309655781152912	19.30615217541566	67.10130946233892	1
33	20.317631242249256	49.28817432093666	20.599006117421922	18.344715699359853	22.71398401057067	0
34	65.39316239991999	34.29051934348374	49.7633831885221	36.19963171078053	37.29063555133283	0
35	66.24723368680253	34.8096883052457	18.35207683762271	58.33821986987348	66.44299209704381	0
36	58.22826475393952	54.02373962238221	46.87455464494663	67.35108259506217	61.14086342059299	1
37	32.5353022278419	62.75262325758143	64.95174231267283	24.671261446279935	58.67067561841328	1
38	21.981277814325576	62.24140763752098	46.34918307166983	47.30066648295889	30.153044179291932	0
39	51.89588435212	56.77365283873882	36.796666236532616	36.425433688182096	25.71526695689336	0
40	39.44777718071967	49.743613953868675	49.80769914056001	66.46563428854476	51.10080421614598	1
41	23.22394997708372	21.29113821474749	40.37089741506735	59.94806507992114	64.39817544550687	0
42	42.25402241567478	25.243064418825302	44.82645625511268	59.75476394026803	45.39490754371042	0
43	18.753814576876138	62.82626361488104	65.01470524760279	40.90335114954348	46.15224716296489	0
44	63.375340506017885	47.927882042639084	36.691234527839484	38.15579461922093	31.278933776674492	0
45	30.197779061600862	17.46904963244811	66.02071875501963	30.94376066846602	56.244139592788784	1
46	50.78863650205308	22.17504868616764	63.17288273975925	19.875150329197282	26.53923117643369	0
47	32.89726488055996	50.838590224510845	26.985347874254117	61.10084118900772	33.50764105661643	0
48	43.52346908006835	17.258140776157152	20.537426344633438	58.457951465633954	38.69725836943726	0
49	44.88222424650726	25.20121062229243	22.13967807024876	67.98560133759267	42.88812931290721	0
50	26.427577231801877	44.98542325769589	17.929313108229035	67.82847869076917	29.36289635316909	0
51	66.44881601599249	52.28665508232736	21.81659099855235	45.327016985734	22.85667806169938	0
52	56.53177399141684	50.250024234632626	51.8333454442342	56.21835817420604	48.14162216452326	1
53	64.91444601977364	28.437734782488548	20.63062107147168	65.18305222400383	31.720158215253043	0
54	62.63619487181009	53.32114028872433	33.26775714498183	60.332016924547986	46.643149292553225	1
55	47.492898919365345	29.099703462336805	60.08864085944218	29.61475318890308	24.87249847898432	0
56	64.01558598617896	33.59538460612265	18.18686872252712	39.97775090081477	41.53814519459569	0
57	21.513117604647896	55.07106166101923	58.537892612035726	23.587130172726244	44.16206106013088	0
58	26.995125983376404	50.13127785140795	31.374593513443397	65.65660239019485	19.64300037794377	0
59	19.30659173443744	60.310393935203074	23.02640620870447	47.914906356994884	34.166818187889945	0
60	33.59184686892648	50.53825750731751	52.53359543357168	28.660783080676598	23.855148523887685	0
61	36.82254177416358	45.983738770109056	49.07608518577408	51.256734904698696	20.232123494111157	0
62	30.83880062046869	21.777413159232715	61.7510726898797	48.52454026335269	67.48797185188721	1
63	59.2656129667484	35.753505956031105	54.488623233998176	35.26629861967487	33.440046093710876	0
64	35.194419661373054	30.525320751768	57.977527449627274	22.79143720218108	58.30359673858638	0
65	31.327659994056418	29.443471812333264	31.38376320113663	51.25023297523278	29.986673392951957	0
66	44.677500241070675	66.62353829237472	26.049416732765863	43.53569274609346	51.75663883342039	0
67	24.187135473712896	37.04798395800478	55.28135233368378	56.38823797851761	55.771620854374014	1
68	57.912046018456024	62.494374314032775	58.14857170263046	43.52833855671166	47.37757577100005	1
69	20.80208282766831	49.188069925860404	67.51576224203434	60.46125651624555	41.05038561605808	1
70	67.33123376662638	57.535376480624066	38.04350152248275	45.14724877749876	38.003886621510695	0
71	56.384483234129526	42.634491748364795	35.97292237543194	45.607836548304704	34.79228159369276	0
72	27.134499758242793	46.422098115944316	56.59706099784184	61.7093337355756	64.40598635663912	1
73	17.28162797330372	42.118402384762064	34.38098055290391	37.577626176832254	59.36158979717418	0
74	58.58853285119654	26.95739237770027	64.4686236057818	23.834776650982676	66.21637244399214	1
75	53.049724536228474	53.845057878336775	60.7790503439936	18.467916491980287	23.33915839776278	0
76	54.179365570090354	31.319390484483645	38.878695396125934	55.51200003935457	54.27424123538586	1
77	56.33478768098323	18.240114288004147	55.29442445736637	48.6357871190267	64.85536329787293	1
78	20.77627723843861	49.91908709126556	55.4816865783188	52.9080681730604	26.242886374448666	0
79	35.2817521557579	26.032644649759497	22.25931731063256	27.861172236954445	20.391309635705653	0
80	22.909322035781614	64.96338780199864	63.0301982406579	23.954945254925256	54.79715311379301	1
81	61.01827471965527	65.65035742713195	42.76787099484071	17.74177794906198	46.2981287721755	1
82	48.78820446820545	63.658083901242875	59.149330771494824	34.879965499136446	59.93326761467188	1
83	33.87579926748511	35.87809371302767	33.3225296525612	47.08580202958629	24.128391207940766	0
84	20.241475864587205	17.78828744297224	62.67168465330622	37.00444630008634	57.5586329048544	1
85	32.86009840749877	64.34424669197399	36.84928561544232	39.31122102321018	27.28299332243497	0
86	33.5843494233641	38.83739156418303	17.552720225495218	63.11209341918117	25.34645308615093	0
87	54.209915095241264	66.29939577122715	63.174480797382444	34.76102881818832	25.37755569448064	0
88	49.51543103911587	66.1446188315519	21.65562051609281	43.21346394715035	58.54331073180049	0
89	62.24784987139265	60.50348222883537	33.284995517111156	56.9663036497983	50.92505825550621	1
90	41.082961183259414	32.01689349554887	65.45316031959105	37.22368189838478	43.67633666322509	1
91	23.099306542853387	36.639984158698184	65.48096449381536	48.72642171162155	35.300354690298626	0
92	53.37548414837274	60.4079702473597	46.24533229428759	60.980549146084	61.737227581468524	1
93	55.80003747946177	33.16302226297016	49.223697820659766	65.42555180653974	37.0147004785544	1
94	45.62513707604431	25.644130080990717	39.87072162089431	24.500747527380934	58.64657141305043	0
95	56.31932617768261	45.396864385375856	31.953749356601293	64.25596888323622	39.39588033708114	0
96	42.18357541458393	64.74389348219984	33.76189181386572	42.09793094705645	36.224165900670286	0
97	43.659374298481694	52.497519630423625	51.29844125992896	30.170463803246875	40.596669069149925	0
98	38.80459193628603	46.07311967455762	55.371101001321684	40.41592356815133	32.370271582371245	0
99	18.296375463948856	21.956001182309194	57.37053123001827	66.98166133955934	55.128078388988804	1
100	22.502462776658525	48.36536856165766	57.27052528252225	42.123522793636354	42.63873989471644	0
101	18.602888470023448	67.49274635531742	21.651511255483207	33.766332124662924	28.842847452487682	0
102	49.4569309744528	24.144284777062726	42.21543553983166	49.303443570153014	62.87830323700299	0
103	33.03215503489266	43.43481227055057	19.935496760848856	29.247426557687845	36.57845229003378	0
104	42.93710524939984	61.746026668325726	45.02597299851051	20.86902973354186	44.721195916813414	0
105	63.28589017023074	54.779199505464426	39.51805557004223	23.57286581744311	63.23007765919189	1
106	29.713903686592623	52.547802790758666	62.27291332067329	23.530337786846395	48.836137791613595	1
107	37.92952907481711	52.82668828334257	34.896665640156016	24.747037369127014	22.96180007612657	0
108	55.53310806569548	35.33404871220751	22.9704178378079	24.080185805119918	64.93143830428724	0
109	28.668706440072746	31.973184057489163	24.292575784694627	49.684611984963944	49.01311070664231	0
110	20.925975401268442	58.27741892940419	55.83704221759108	26.27588430435639	34.08018634751139	0
111	31.777324098602172	58.315783128638216	48.529121229129316	34.62903144951702	24.10287570583275	0
112	25.222285649954223	61.22068824758529	22.1572564822623	62.7362089052066	57.495284652785095	0
113	64.41458026947123	63.575268180380036	21.28944711186487	41.17204365340649	48.62371055235419	1
114	58.214139357785264	43.07846234190782	52.74942570441512	51.045444664572386	44.2065156907924	1
115	49.30359158203159	42.57733102904718	20.71091332457387	25.78831343128312	62.58852173559884	0
116	61.444490099573606	57.71305412730553	58.91486302380817	26.806739959242208	57.21845777245107	1
117	57.98727592185484	50.148160469666024	53.018353584981305	19.084299429590423	24.73541886637031	0
118	26.51507300318783	52.80031074014287	21.148787812736888	25.61568821668039	32.897825457572964	0
119	62.52050892298887	57.58542614124115	21.326723418344788	31.20810729062989	29.672946130537753	0
120	44.50645433769819	62.39027243269588	67.31861850355995	26.02753469811409	54.94126092120653	1
121	58.17944791336719	34.237752999428324	36.08781058356213	21.523829221609837	18.71015417152475	0
122	62.70065629609815	36.15473058463714	35.90274950041143	23.15242942613064	46.06437392843714	0
123	33.21817722356506	21.793078931884317	58.45277793013263	40.49971716966901	55.885392972775215	1
124	22.612648150911514	46.49228719080487	65.30967744657679	27.523019638695416	61.71504747484922	1
125	28.624693289639026	18.833055963633846	67.28605425496642	35.57776291345185	34.44616918451128	0
126	38.782497219939074	40.745498924755466	55.42228744820602	42.674280813597704	58.884122538272656	1
127	58.71875306204715	44.67487637008641	36.18923886207671	52.21013626009763	22.642218584715568	0
128	60.897259746073516	31.613603858542504	21.258536551632105	19.004919131896045	60.16906687846043	1
129	17.354558657090728	47.13249628901955	56.63449271229928	57.76993034436117	23.501921778931102	0
130	43.04811243145585	18.55551274689152	45.47861673652606	49.0229198640363	37.26165181857873	0
131	38.28796116058773	18.904757626209935	38.63532247159579	21.16971062939247	57.66206365475723	0
132	28.327498334007245	58.95262859364257	63.22407363983154	61.55250982944564	24.645788794787464	0
133	23.113133734017822	35.369722711974404	22.671071597613718	63.96449242712247	28.691821156864716	0
134	34.218373741585026	23.480086145246123	42.12388031883381	20.11497595259805	53.83488098804638	0
135	65.08839489953849	43.634406262795025	17.579035883138374	31.12076005550739	53.72186336384979	0
136	33.483349533058515	56.26967120802915	40.901692741700444	58.11626526944613	49.698529277150165	1
137	43.45832170891167	28.006872402339003	19.871467059773707	55.161244209566576	52.3913706678221	0
138	52.85396690365407	48.76741426676901	23.059713729671667	26.410571987175246	44.67894661072741	0
139	35.54510972134399	21.352720714682167	22.99383858563235	27.676815490172224	29.84175200425459	0
140	66.56088621876899	19.635767779598993	50.10972540791924	35.89407724236048	34.63049566869989	0
141	66.08481204204767	44.099086209975546	55.048288842536586	41.710672244742085	26.26148355687271	0
142	29.840897087093573	44.57239120211543	46.75180701995514	48.530993348045094	63.330978628015046	1
143	42.35967380051166	49.50892497640854	66.07079997220164	35.81459561805839	46.752981533072145	1
144	32.34479380065525	54.030658019855736	36.118399555708905	40.58927052279054	37.44342225494563	0
145	31.52686521325085	66.76845605258927	31.571316400374897	55.12101784482158	40.56229598585077	0
146	18.881234315081173	43.33131776336096	61.29855553766247	18.870843347420493	65.31145032020258	1
147	48.08778103297474	33.47078012000354	28.403387764492084	29.874284161545056	24.82092155892009	0
148	42.63663018467194	57.55449593320389	66.12434951147118	53.380828880112176	46.897721432856656	1
149	19.625416313749458	30.812444814365783	17.619878209180634	62.655548722047165	42.80032262310776	0
150	31.210969676067183	39.38754245598744	66.46382016208959	43.09554954789897	48.184166007167036	1
151	63.32156018429934	21.001275448455566	19.20115550947938	44.137787748531096	17.923619374862866	0
152	29.217656424015594	18.292887914188334	62.44829879860163	22.46577257832858	61.47831935615172	1
153	24.38963847665238	66.09506914857417	43.91275656340129	39.818030707996186	64.53803240666423	1
154	41.96209077415571	59.6349861461225	67.64120460208431	44.16348058920618	45.82179236304965	1
155	67.26817315964064	52.4946845107786	20.763624801505344	29.36599568537121	52.529192017721506	0
156	29.344818847086522	37.85660016512776	45.24656850446736	30.73140477841843	64.04746844004208	1
157	51.278912917699806	25.838010323613133	66.43442931657404	36.24149231833576	53.06917034998333	1
158	55.8426003817646	24.97828917622539	43.677990052677586	18.023631086664047	24.77949118862733	0
159	29.119514743612385	29.76238780639436	49.099330544898386	33.42603744474209	46.39070636850747	0
160	54.13903377920484	45.01055990001214	52.48318313821547	27.783848356823775	47.94246736552565	1
161	35.75693976868192	53.444392057703176	40.18159430315643	33.70236496107365	38.63066423642169	0
